{"classes":[{"id":3,"mask":4,"powerType":"focus","name":"Hunter"},{"id":4,"mask":8,"powerType":"energy","name":"Rogue"},{"id":1,"mask":1,"powerType":"rage","name":"Warrior"},{"id":2,"mask":2,"powerType":"mana","name":"Paladin"},{"id":7,"mask":64,"powerType":"mana","name":"Shaman"},{"id":8,"mask":128,"powerType":"mana","name":"Mage"},{"id":5,"mask":16,"powerType":"mana","name":"Priest"},{"id":6,"mask":32,"powerType":"runic-power","name":"Death Knight"},{"id":11,"mask":1024,"powerType":"mana","name":"Druid"},{"id":12,"mask":2048,"powerType":"fury","name":"Demon Hunter"},{"id":9,"mask":256,"powerType":"mana","name":"Warlock"},{"id":10,"mask":512,"powerType":"energy","name":"Monk"}]}